SubjNo,List,prime,prime_semantics,correct response,given response,match?,rt,perceptual rating,date,frameRate,experiment_name,session,participant,
14,1,I broke the water,Sklar_violation,up,up,1,7.39651608467,0,2015_Oct_13_1109,84.9603182641,CFS popping time,001,,
14,1,I bought the shoe lace,Sklar_filler,up,None,0,None,1,2015_Oct_13_1109,84.9603182641,CFS popping time,001,,
14,1,The trousers ironed Eve,Non-sensible,down,up,0,5.08026194572,1,2015_Oct_13_1109,84.9603182641,CFS popping time,001,,
14,1,I solved the exercise,Sklar_control_B,down,up,0,5.8331489563,1,2015_Oct_13_1109,84.9603182641,CFS popping time,001,,
14,1,Jack mixed the fruits,Sensible,up,up,1,6.2403819561,1,2015_Oct_13_1109,84.9603182641,CFS popping time,001,,
14,1,Erin described the church,Sensible,down,down,1,3.27656412125,1,2015_Oct_13_1109,84.9603182641,CFS popping time,001,,
14,1,I interviewed the woman,Sklar_control_B,down,up,0,6.16988110542,1,2015_Oct_13_1109,84.9603182641,CFS popping time,001,,
14,1,Will mashed the potatoes,Sensible,up,down,0,4.78220701218,1,2015_Oct_13_1109,84.9603182641,CFS popping time,001,,
14,1,I tasted the wine,Sklar_control_A,down,up,0,4.38214993477,1,2015_Oct_13_1109,84.9603182641,CFS popping time,001,,
14,1,I spilled the juice,Sklar_control_B,down,down,1,4.00595903397,1,2015_Oct_13_1109,84.9603182641,CFS popping time,001,,
14,1,Luke fixed the radio,Sensible,up,down,0,6.75806999207,1,2015_Oct_13_1109,84.9603182641,CFS popping time,001,,
14,1,I wore the vest,Sklar_filler,up,None,0,None,1,2015_Oct_13_1109,84.9603182641,CFS popping time,001,,
14,1,The folder carried Dan,Non-sensible,up,up,1,7.76160812378,0,2015_Oct_13_1109,84.9603182641,CFS popping time,001,,
14,1,Anna polished the trophy,Sensible,up,down,0,5.58218693733,1,2015_Oct_13_1109,84.9603182641,CFS popping time,001,,
14,1,I sold the string,Sklar_filler,down,down,1,6.4917640686,0,2015_Oct_13_1109,84.9603182641,CFS popping time,001,,
14,1,I locked the cabinet,Sklar_control_B,down,up,0,4.02928996086,1,2015_Oct_13_1109,84.9603182641,CFS popping time,001,,
14,1,Kate lifted the box,Sensible,up,down,0,5.48010110855,1,2015_Oct_13_1109,84.9603182641,CFS popping time,001,,
14,1,Bill counted the sheets,Sensible,down,up,0,7.59731912613,1,2015_Oct_13_1109,84.9603182641,CFS popping time,001,,
14,1,Kate served the dish,Sensible,down,down,1,4.83218407631,1,2015_Oct_13_1109,84.9603182641,CFS popping time,001,,
14,1,Sam tidied the room,Sensible,up,None,0,None,0,2015_Oct_13_1109,84.9603182641,CFS popping time,001,,
14,1,Max lent the bucket,Sensible,down,down,1,5.08022284508,1,2015_Oct_13_1109,84.9603182641,CFS popping time,001,,
14,1,Kate hugged the pillow,Sensible,down,up,0,3.81012201309,1,2015_Oct_13_1109,84.9603182641,CFS popping time,001,,
14,1,I saw the clouds,Sklar_control_A,up,up,1,5.32634711266,1,2015_Oct_13_1109,84.9603182641,CFS popping time,001,,
14,1,I sewed the smoke,Sklar_violation,down,down,1,3.84125995636,1,2015_Oct_13_1109,84.9603182641,CFS popping time,001,,
14,1,The desk wiped Lucy,Non-sensible,down,up,0,3.41004300117,1,2015_Oct_13_1109,84.9603182641,CFS popping time,001,,
14,1,I dug the paint,Sklar_violation,up,None,0,None,0,2015_Oct_13_1109,84.9603182641,CFS popping time,001,,
14,1,The office entered Joe,Non-sensible,down,down,1,4.79811906815,1,2015_Oct_13_1109,84.9603182641,CFS popping time,001,,
14,1,Luke watered the plants,Sensible,up,up,1,3.33965802193,0,2015_Oct_13_1109,84.9603182641,CFS popping time,001,,
14,1,Liz scrubbed the bowl,Sensible,down,down,1,4.45602202415,1,2015_Oct_13_1109,84.9603182641,CFS popping time,001,,
14,1,The hair trimmed Bill,Non-sensible,down,up,0,2.96329903603,1,2015_Oct_13_1109,84.9603182641,CFS popping time,001,,
14,1,The plate licked Jane,Non-sensible,down,up,0,4.77457690239,1,2015_Oct_13_1109,84.9603182641,CFS popping time,001,,
14,1,The museum visited Mary,Non-sensible,down,up,0,4.63347101212,0,2015_Oct_13_1109,84.9603182641,CFS popping time,001,,
14,1,Jane punched the wall,Sensible,down,down,1,4.24087810516,0,2015_Oct_13_1109,84.9603182641,CFS popping time,001,,
14,1,Jack drank the beer,Sensible,down,up,0,4.70394396782,0,2015_Oct_13_1109,84.9603182641,CFS popping time,001,,
14,1,I threw the peas,Sklar_control_A,up,down,0,3.98560094833,1,2015_Oct_13_1109,84.9603182641,CFS popping time,001,,
14,1,Emma pulled the rope,Sensible,down,up,0,7.00898480415,1,2015_Oct_13_1109,84.9603182641,CFS popping time,001,,
14,1,Dan carried the folder,Sensible,down,None,0,None,0,2015_Oct_13_1109,84.9603182641,CFS popping time,001,,
14,1,The beer drank Jack,Non-sensible,down,up,0,5.76249289513,1,2015_Oct_13_1109,84.9603182641,CFS popping time,001,,
14,1,I washed the cup,Sklar_filler,up,None,0,None,1,2015_Oct_13_1109,84.9603182641,CFS popping time,001,,
14,1,I cut the wine,Sklar_violation,up,down,0,6.5697259903,1,2015_Oct_13_1109,84.9603182641,CFS popping time,001,,
14,1,The portrait painted Jay,Non-sensible,down,up,0,3.43346405029,0,2015_Oct_13_1109,84.9603182641,CFS popping time,001,,
14,1,The box lifted Kate,Non-sensible,up,up,1,4.00580406189,0,2015_Oct_13_1109,84.9603182641,CFS popping time,001,,
14,1,I washed the dance,Sklar_violation,down,down,1,2.57094311714,1,2015_Oct_13_1109,84.9603182641,CFS popping time,001,,
14,1,The rice stored Fred,Non-sensible,up,up,1,4.18640208244,1,2015_Oct_13_1109,84.9603182641,CFS popping time,001,,
14,1,Erin tidied the garage,Sensible,down,None,0,None,0,2015_Oct_13_1109,84.9603182641,CFS popping time,001,,
14,1,I scrubbed the house,Sklar_control_B,up,up,1,6.49924588203,1,2015_Oct_13_1109,84.9603182641,CFS popping time,001,,
14,1,I warmed up the food,Sklar_filler,up,down,0,5.73886203766,1,2015_Oct_13_1109,84.9603182641,CFS popping time,001,,
14,1,I turned up the bread,Sklar_violation,down,up,0,4.05647397041,1,2015_Oct_13_1109,84.9603182641,CFS popping time,001,,
14,1,I colored the paper,Sklar_filler,down,down,1,5.53485298157,1,2015_Oct_13_1109,84.9603182641,CFS popping time,001,,
14,1,I woke up the child,Sklar_control_B,down,up,0,4.38227701187,1,2015_Oct_13_1109,84.9603182641,CFS popping time,001,,
14,1,I baked the bread,Sklar_control_A,down,down,1,5.01753902435,1,2015_Oct_13_1109,84.9603182641,CFS popping time,001,,
14,1,The wine stored Leo,Non-sensible,up,up,1,4.7622590065,1,2015_Oct_13_1109,84.9603182641,CFS popping time,001,,
14,1,I crumpled the river,Sklar_violation,up,down,0,4.77427601814,1,2015_Oct_13_1109,84.9603182641,CFS popping time,001,,
14,1,The pillow hugged Kate,Non-sensible,up,up,1,6.57338190079,3,2015_Oct_13_1109,84.9603182641,CFS popping time,001,,
14,1,I wiped the juice,Sklar_control_A,down,None,0,None,0,2015_Oct_13_1109,84.9603182641,CFS popping time,001,,
14,1,I tore the map,Sklar_control_B,up,None,0,None,1,2015_Oct_13_1109,84.9603182641,CFS popping time,001,,
14,1,I liked the dance,Sklar_control_A,down,None,0,None,0,2015_Oct_13_1109,84.9603182641,CFS popping time,001,,
14,1,The bed sold Jay,Non-sensible,down,None,0,None,1,2015_Oct_13_1109,84.9603182641,CFS popping time,001,,
14,1,Rob stroked the fur,Sensible,up,None,0,None,0,2015_Oct_13_1109,84.9603182641,CFS popping time,001,,
14,1,The door kicked Max,Non-sensible,up,up,1,5.52702999115,2,2015_Oct_13_1109,84.9603182641,CFS popping time,001,,
14,1,Lily dented the lorry,Sensible,up,up,1,2.90028095245,2,2015_Oct_13_1109,84.9603182641,CFS popping time,001,,
14,1,The shoes counted Lucy,Non-sensible,up,up,1,6.02110481262,2,2015_Oct_13_1109,84.9603182641,CFS popping time,001,,
14,1,The number dialed Tom,Non-sensible,up,None,0,None,0,2015_Oct_13_1109,84.9603182641,CFS popping time,001,,
14,1,The trophy polished Anna,Non-sensible,up,None,0,None,2,2015_Oct_13_1109,84.9603182641,CFS popping time,001,,
14,1,Josh ironed the shirt,Sensible,up,up,1,2.85343503952,3,2015_Oct_13_1109,84.9603182641,CFS popping time,001,,
14,1,The room tidied Sam,Non-sensible,up,up,1,1.11278295517,2,2015_Oct_13_1109,84.9603182641,CFS popping time,001,,
14,1,I opened the refrigerator,Sklar_control_A,up,up,1,6.09197306633,0,2015_Oct_13_1109,84.9603182641,CFS popping time,001,,
14,1,Liz labeled the jar,Sensible,up,up,1,2.65751004219,3,2015_Oct_13_1109,84.9603182641,CFS popping time,001,,
14,1,The potatoes mashed Will,Non-sensible,up,up,1,2.0770380497,2,2015_Oct_13_1109,84.9603182641,CFS popping time,001,,
14,1,The sugar weighed Liz,Non-sensible,up,up,1,1.31678199768,2,2015_Oct_13_1109,84.9603182641,CFS popping time,001,,
14,1,The blanket stroked Ryan,Non-sensible,down,down,1,1.2098839283,3,2015_Oct_13_1109,84.9603182641,CFS popping time,001,,
14,1,Leo stored the wine,Sensible,up,None,0,None,0,2015_Oct_13_1109,84.9603182641,CFS popping time,001,,
14,1,I drank the chair,Sklar_violation,down,up,0,7.83249092102,0,2015_Oct_13_1109,84.9603182641,CFS popping time,001,,
14,1,The pen described John,Non-sensible,up,up,1,2.70441508293,3,2015_Oct_13_1109,84.9603182641,CFS popping time,001,,
14,1,I shaved the head,Sklar_control_B,down,up,0,4.54702615738,0,2015_Oct_13_1109,84.9603182641,CFS popping time,001,,
14,1,I laundered the scarf,Sklar_control_B,up,up,1,4.80636310577,0,2015_Oct_13_1109,84.9603182641,CFS popping time,001,,
14,1,I scattered the dice,Sklar_filler,up,up,1,1.83432221413,2,2015_Oct_13_1109,84.9603182641,CFS popping time,001,,
14,1,Zoe paid the debt,Sensible,down,up,0,6.65628385544,0,2015_Oct_13_1109,84.9603182641,CFS popping time,001,,
14,1,I broke the hat,Sklar_violation,up,up,1,7.38537693024,0,2015_Oct_13_1109,84.9603182641,CFS popping time,001,,
14,1,Ian cancelled the plans,Sensible,up,up,1,7.11064910889,2,2015_Oct_13_1109,84.9603182641,CFS popping time,001,,
14,1,The lesson taught Eve,Non-sensible,down,up,0,7.87927603722,0,2015_Oct_13_1109,84.9603182641,CFS popping time,001,,
14,1,The puzzle solved Joe,Non-sensible,up,up,1,5.90348291397,0,2015_Oct_13_1109,84.9603182641,CFS popping time,001,,
14,1,Tom whisked the cream,Sensible,down,down,1,1.35125303268,2,2015_Oct_13_1109,84.9603182641,CFS popping time,001,,
14,1,The garage tidied Erin,Non-sensible,up,up,1,5.08791899681,0,2015_Oct_13_1109,84.9603182641,CFS popping time,001,,
14,1,The opera watched Adam,Non-sensible,up,up,1,5.32328891754,0,2015_Oct_13_1109,84.9603182641,CFS popping time,001,,
14,1,The rules taught Josh,Non-sensible,down,down,1,0.987321853638,3,2015_Oct_13_1109,84.9603182641,CFS popping time,001,,
14,1,The stairs climbed Ben,Non-sensible,down,None,0,None,0,2015_Oct_13_1109,84.9603182641,CFS popping time,001,,
14,1,I drew the rain,Sklar_control_A,down,down,1,1.53956794739,1,2015_Oct_13_1109,84.9603182641,CFS popping time,001,,
14,1,I lit the lamp,Sklar_control_B,up,up,1,4.13940596581,0,2015_Oct_13_1109,84.9603182641,CFS popping time,001,,
14,1,The eggs whisked Dan,Non-sensible,up,up,1,1.34036517143,2,2015_Oct_13_1109,84.9603182641,CFS popping time,001,,
14,1,I smelled the melody,Sklar_violation,down,down,1,1.41851496696,2,2015_Oct_13_1109,84.9603182641,CFS popping time,001,,
14,1,Ian pushed the button,Sensible,down,up,0,3.9747209549,0,2015_Oct_13_1109,84.9603182641,CFS popping time,001,,
14,1,The rope pulled Emma,Non-sensible,down,up,0,4.61740016937,0,2015_Oct_13_1109,84.9603182641,CFS popping time,001,,
14,1,I moved the hat,Sklar_control_A,up,up,1,2.586977005,0,2015_Oct_13_1109,84.9603182641,CFS popping time,001,,
14,1,John carried the kettle,Sensible,up,up,1,2.18718886375,0,2015_Oct_13_1109,84.9603182641,CFS popping time,001,,
14,1,Mary iced the cake,Sensible,down,up,0,1.88159108162,0,2015_Oct_13_1109,84.9603182641,CFS popping time,001,,
14,1,Kate wore the dress,Sensible,up,up,1,2.78261804581,0,2015_Oct_13_1109,84.9603182641,CFS popping time,001,,
14,1,Ian labeled the box,Sensible,up,up,1,1.31672692299,2,2015_Oct_13_1109,84.9603182641,CFS popping time,001,,
14,1,I tied the shoelace,Sklar_control_B,down,down,1,1.48132300377,2,2015_Oct_13_1109,84.9603182641,CFS popping time,001,,
14,1,Jen searched the room,Sensible,down,up,0,7.05607414246,0,2015_Oct_13_1109,84.9603182641,CFS popping time,001,,
14,1,The radio got Ben,Non-sensible,up,up,1,1.22262907028,2,2015_Oct_13_1109,84.9603182641,CFS popping time,001,,
14,1,Lily got the kettle,Sensible,down,up,0,3.73954510689,0,2015_Oct_13_1109,84.9603182641,CFS popping time,001,,
14,1,The paper cut Jon,Non-sensible,up,up,1,1.18303704262,2,2015_Oct_13_1109,84.9603182641,CFS popping time,001,,
14,1,The curtains measured Rob,Non-sensible,down,down,1,1.32472014427,2,2015_Oct_13_1109,84.9603182641,CFS popping time,001,,
14,1,Erin punched the monitor,Sensible,down,up,0,4.89216995239,0,2015_Oct_13_1109,84.9603182641,CFS popping time,001,,
14,1,I cooked the tomatoes,Sklar_filler,up,up,1,1.22291493416,1,2015_Oct_13_1109,84.9603182641,CFS popping time,001,,
14,1,The sheets counted Bill,Non-sensible,down,up,0,4.04529905319,0,2015_Oct_13_1109,84.9603182641,CFS popping time,001,,
14,1,The teeth brushed Carl,Non-sensible,down,down,1,1.1284070015,2,2015_Oct_13_1109,84.9603182641,CFS popping time,001,,
14,1,I drew the map,Sklar_filler,down,up,0,6.07578992844,0,2015_Oct_13_1109,84.9603182641,CFS popping time,001,,
14,1,I imagined the well,Sklar_filler,down,up,0,2.97099399567,0,2015_Oct_13_1109,84.9603182641,CFS popping time,001,,
14,1,Josh squeezed the ball,Sensible,up,up,1,1.12855911255,2,2015_Oct_13_1109,84.9603182641,CFS popping time,001,,
14,1,Luke climbed the hill,Sensible,up,up,1,2.54028296471,0,2015_Oct_13_1109,84.9603182641,CFS popping time,001,,
14,1,Eve ironed the trousers,Sensible,up,up,1,2.00641608238,2,2015_Oct_13_1109,84.9603182641,CFS popping time,001,,
14,1,Mike ate the steak,Sensible,down,up,0,2.17118406296,0,2015_Oct_13_1109,84.9603182641,CFS popping time,001,,
14,1,Tim cleaned the floor,Sensible,up,up,1,1.26964998245,2,2015_Oct_13_1109,84.9603182641,CFS popping time,001,,
14,1,The movie watched Ella,Non-sensible,up,up,1,1.10509490967,2,2015_Oct_13_1109,84.9603182641,CFS popping time,001,,
14,1,I wiped the steam ,Sklar_control_A,down,down,1,0.963963031769,2,2015_Oct_13_1109,84.9603182641,CFS popping time,001,,
14,1,Leo passed the salt,Sensible,down,up,0,6.57353019714,0,2015_Oct_13_1109,84.9603182641,CFS popping time,001,,
14,1,Owen swallowed the gum,Sensible,up,up,1,1.83425807953,0,2015_Oct_13_1109,84.9603182641,CFS popping time,001,,
14,1,The invite mailed Ian,Non-sensible,up,up,1,3.46472501755,0,2015_Oct_13_1109,84.9603182641,CFS popping time,001,,
14,1,The hospital visited Tom,Non-sensible,up,up,1,2.56354212761,0,2015_Oct_13_1109,84.9603182641,CFS popping time,001,,
14,1,I cooked the stairs,Sklar_violation,up,up,1,2.25760793686,0,2015_Oct_13_1109,84.9603182641,CFS popping time,001,,
14,1,Matt kicked the bike,Sensible,down,down,1,1.36379790306,2,2015_Oct_13_1109,84.9603182641,CFS popping time,001,,
14,1,Ben chewed the toffee,Sensible,down,down,1,1.65361785889,2,2015_Oct_13_1109,84.9603182641,CFS popping time,001,,
14,1,The fat chewed Adam,Non-sensible,up,up,1,6.09176898003,0,2015_Oct_13_1109,84.9603182641,CFS popping time,001,,
14,1,The tomato sliced Liz,Non-sensible,up,up,1,3.08862090111,0,2015_Oct_13_1109,84.9603182641,CFS popping time,001,,
14,1,Jon trimmed the bushes,Sensible,up,up,1,3.23282313347,0,2015_Oct_13_1109,84.9603182641,CFS popping time,001,,
14,1,I cooked the tomatoes,Sklar_control_B,down,down,1,1.18321800232,2,2015_Oct_13_1109,84.9603182641,CFS popping time,001,,
14,1,I cooked the rice,Sklar_control_A,up,up,1,4.29187607765,0,2015_Oct_13_1109,84.9603182641,CFS popping time,001,,
14,1,I watered the ground,Sklar_control_A,up,up,1,2.85690307617,0,2015_Oct_13_1109,84.9603182641,CFS popping time,001,,
14,1,The report filed Ian,Non-sensible,down,down,1,1.06555891037,2,2015_Oct_13_1109,84.9603182641,CFS popping time,001,,
14,1,The photo took Beth,Non-sensible,up,up,1,1.17546796799,0,2015_Oct_13_1109,84.9603182641,CFS popping time,001,,
14,1,I burnt the stew,Sklar_control_B,down,down,1,0.964151859283,2,2015_Oct_13_1109,84.9603182641,CFS popping time,001,,
14,1,Mark washed the dishes,Sensible,up,up,1,1.63010501862,0,2015_Oct_13_1109,84.9603182641,CFS popping time,001,,
14,1,Jeff watered the garden,Sensible,down,down,1,0.904294013977,2,2015_Oct_13_1109,84.9603182641,CFS popping time,001,,
14,1,I closed the door,Sklar_control_A,down,up,0,1.32476902008,0,2015_Oct_13_1109,84.9603182641,CFS popping time,001,,
14,1,Lucy cut the ribbon,Sensible,down,up,0,2.03347182274,0,2015_Oct_13_1109,84.9603182641,CFS popping time,001,,
14,1,The story wrote Ewan,Non-sensible,down,down,1,0.995218038559,2,2015_Oct_13_1109,84.9603182641,CFS popping time,001,,
14,1,The crate lifted Amy,Non-sensible,down,up,0,0.97144985199,0,2015_Oct_13_1109,84.9603182641,CFS popping time,001,,
14,1,The ribbon cut Lucy,Non-sensible,up,up,1,0.893515110016,0,2015_Oct_13_1109,84.9603182641,CFS popping time,001,,
14,1,I burnt the clouds,Sklar_violation,down,up,0,1.62273693085,0,2015_Oct_13_1109,84.9603182641,CFS popping time,001,,
14,1,The herbs chopped Phil,Non-sensible,up,up,1,0.669807195663,0,2015_Oct_13_1109,84.9603182641,CFS popping time,001,,
14,1,The garlic crushed Erin,Non-sensible,up,up,1,0.442291021347,0,2015_Oct_13_1109,84.9603182641,CFS popping time,001,,
14,1,I photographed the moon,Sklar_control_A,down,up,0,0.528794050217,0,2015_Oct_13_1109,84.9603182641,CFS popping time,001,,
14,1,The tree hugged Amy,Non-sensible,up,up,1,1.81839990616,2,2015_Oct_13_1109,84.9603182641,CFS popping time,001,,
14,1,Jay sold the bed,Sensible,down,up,0,1.85790896416,0,2015_Oct_13_1109,84.9603182641,CFS popping time,001,,
14,1,I ironed the clothes,Sklar_control_B,down,down,1,1.04206609726,2,2015_Oct_13_1109,84.9603182641,CFS popping time,001,,
14,1,Mary visited the museum,Sensible,up,up,1,1.01868700981,2,2015_Oct_13_1109,84.9603182641,CFS popping time,001,,
14,1,The hedge jumped Sara,Non-sensible,up,up,1,2.2182290554,0,2015_Oct_13_1109,84.9603182641,CFS popping time,001,,
14,1,The handle pulled Tim,Non-sensible,down,up,0,1.95974779129,0,2015_Oct_13_1109,84.9603182641,CFS popping time,001,,
14,1,Jon polished the coins,Sensible,up,up,1,1.56296300888,2,2015_Oct_13_1109,84.9603182641,CFS popping time,001,,
14,1,I planted the hammer,Sklar_violation,up,up,1,3.0214381218,0,2015_Oct_13_1109,84.9603182641,CFS popping time,001,,
14,1,Hugh kissed the rose,Sensible,up,up,1,1.41091895103,2,2015_Oct_13_1109,84.9603182641,CFS popping time,001,,
14,1,Alex dusted the house,Sensible,up,up,1,1.12849593163,2,2015_Oct_13_1109,84.9603182641,CFS popping time,001,,
14,1,I wore the way,Sklar_violation,up,up,1,2.68097019196,0,2015_Oct_13_1109,84.9603182641,CFS popping time,001,,
14,1,Bill trimmed the hair,Sensible,down,down,1,1.41860699654,2,2015_Oct_13_1109,84.9603182641,CFS popping time,001,,
14,1,I tore the juice,Sklar_violation,up,up,1,1.28055310249,2,2015_Oct_13_1109,84.9603182641,CFS popping time,001,,
14,1,The bowl dented Ian,Non-sensible,up,up,1,1.6225039959,0,2015_Oct_13_1109,84.9603182641,CFS popping time,001,,
14,1,Amy measured the thread,Sensible,down,up,0,2.3284201622,0,2015_Oct_13_1109,84.9603182641,CFS popping time,001,,
14,1,I solved the peas,Sklar_violation,down,down,1,1.17576098442,2,2015_Oct_13_1109,84.9603182641,CFS popping time,001,,
14,1,I sprinkled the sand,Sklar_control_A,up,up,1,2.94731593132,0,2015_Oct_13_1109,84.9603182641,CFS popping time,001,,
14,1,Jay painted the portrait,Sensible,down,up,0,1.69322609901,0,2015_Oct_13_1109,84.9603182641,CFS popping time,001,,
14,1,The shelf dusted Jake,Non-sensible,down,down,1,4.25693702698,1,2015_Oct_13_1109,84.9603182641,CFS popping time,001,,
14,1,I smelled the hair,Sklar_filler,down,down,1,3.01062893867,2,2015_Oct_13_1109,84.9603182641,CFS popping time,001,,
14,1,Phil passed the towels,Sensible,up,up,1,5.17454504967,0,2015_Oct_13_1109,84.9603182641,CFS popping time,001,,
14,1,Lucy counted the shoes,Sensible,up,up,1,1.39493393898,2,2015_Oct_13_1109,84.9603182641,CFS popping time,001,,
14,1,I cleaned the house,Sklar_filler,down,down,1,1.32415390015,2,2015_Oct_13_1109,84.9603182641,CFS popping time,001,,
14,1,I turned up the volume,Sklar_control_B,up,up,1,1.88118100166,0,2015_Oct_13_1109,84.9603182641,CFS popping time,001,,
14,1,The sweets offered Tom,Non-sensible,up,up,1,1.10510993004,2,2015_Oct_13_1109,84.9603182641,CFS popping time,001,,
14,1,I found the exercise,Sklar_filler,up,up,1,2.65739488602,0,2015_Oct_13_1109,84.9603182641,CFS popping time,001,,
14,1,Phil cancelled the party,Sensible,up,up,1,1.10512113571,2,2015_Oct_13_1109,84.9603182641,CFS popping time,001,,
14,1,The fur stroked Rob,Non-sensible,down,up,0,3.33954906464,0,2015_Oct_13_1109,84.9603182641,CFS popping time,001,,
14,1,Jack posted the gift,Sensible,down,up,0,5.80938506126,0,2015_Oct_13_1109,84.9603182641,CFS popping time,001,,
14,1,The fruits mixed Jack,Non-sensible,down,down,1,1.22276687622,2,2015_Oct_13_1109,84.9603182641,CFS popping time,001,,
14,1,The party cancelled Phil,Non-sensible,up,up,1,7.01679301262,0,2015_Oct_13_1109,84.9603182641,CFS popping time,001,,
14,1,I cleaned the floor,Sklar_filler,up,up,1,1.39491486549,0,2015_Oct_13_1109,84.9603182641,CFS popping time,001,,
14,1,I sewed the sock,Sklar_control_B,up,up,1,1.15987491608,2,2015_Oct_13_1109,84.9603182641,CFS popping time,001,,
14,1,The bill paid Mike,Non-sensible,up,up,1,6.93847084045,0,2015_Oct_13_1109,84.9603182641,CFS popping time,001,,
14,1,The milk sniffed Phil,Non-sensible,up,up,1,1.97536802292,0,2015_Oct_13_1109,84.9603182641,CFS popping time,001,,
14,1,Ryan stroked the blanket,Sensible,down,up,0,1.65386104584,0,2015_Oct_13_1109,84.9603182641,CFS popping time,001,,
14,1,The cream whisked Tom,Non-sensible,up,up,1,2.00668382645,0,2015_Oct_13_1109,84.9603182641,CFS popping time,001,,
14,1,Ella mashed the turnip,Sensible,down,down,1,1.67717409134,2,2015_Oct_13_1109,84.9603182641,CFS popping time,001,,
14,1,The rope pulled Andy,Non-sensible,down,down,1,1.3167579174,2,2015_Oct_13_1109,84.9603182641,CFS popping time,001,,
14,1,The trolley pushed Matt,Non-sensible,down,down,1,1.34793591499,2,2015_Oct_13_1109,84.9603182641,CFS popping time,001,,
14,1,Hugh pulled the lever,Sensible,up,up,1,1.71674990654,0,2015_Oct_13_1109,84.9603182641,CFS popping time,001,,
14,1,The salt passed Leo,Non-sensible,down,down,1,1.05796003342,2,2015_Oct_13_1109,84.9603182641,CFS popping time,001,,
14,1,Hugh dialed the hotline,Sensible,down,down,1,1.03435611725,2,2015_Oct_13_1109,84.9603182641,CFS popping time,001,,
14,1,I tied the chasm,Sklar_violation,down,down,1,1.11257910728,2,2015_Oct_13_1109,84.9603182641,CFS popping time,001,,
14,1,Josh crushed the ice,Sensible,down,down,1,0.987489938736,2,2015_Oct_13_1109,84.9603182641,CFS popping time,001,,
14,1,The fence jumped Jon,Non-sensible,down,up,0,1.62235403061,0,2015_Oct_13_1109,84.9603182641,CFS popping time,001,,
14,1,The spoon licked Will,Non-sensible,down,down,1,1.71659898758,2,2015_Oct_13_1109,84.9603182641,CFS popping time,001,,
14,1,The nuts mixed Liam,Non-sensible,up,up,1,1.78722000122,0,2015_Oct_13_1109,84.9603182641,CFS popping time,001,,
14,1,I changed the sock,Sklar_filler,down,down,1,1.48134803772,2,2015_Oct_13_1109,84.9603182641,CFS popping time,001,,
14,1,The pan washed Beth,Non-sensible,down,down,1,1.29317808151,2,2015_Oct_13_1109,84.9603182641,CFS popping time,001,,
14,1,I spilled the moon,Sklar_violation,up,up,1,1.22270298004,2,2015_Oct_13_1109,84.9603182641,CFS popping time,001,,
14,1,The house built Kate,Non-sensible,up,up,1,5.18197917938,0,2015_Oct_13_1109,84.9603182641,CFS popping time,001,,
14,1,Rob mailed the parcel,Sensible,up,up,1,2.66520404816,0,2015_Oct_13_1109,84.9603182641,CFS popping time,001,,
14,1,I swallowed the food,Sklar_control_B,up,up,1,2.25779986382,0,2015_Oct_13_1109,84.9603182641,CFS popping time,001,,
14,1,Ben got the radio,Sensible,up,up,1,3.7865190506,0,2015_Oct_13_1109,84.9603182641,CFS popping time,001,,
14,1,I spread the glue,Sklar_control_A,down,down,1,1.04210305214,2,2015_Oct_13_1109,84.9603182641,CFS popping time,001,,
14,1,The socks knitted Ryan,Non-sensible,down,down,1,3.77089500427,2,2015_Oct_13_1109,84.9603182641,CFS popping time,001,,
14,1,Phil sniffed the milk,Sensible,down,down,1,6.49951910973,2,2015_Oct_13_1109,84.9603182641,CFS popping time,001,,
14,1,I prepared the stew,Sklar_filler,down,up,0,3.67998099327,0,2015_Oct_13_1109,84.9603182641,CFS popping time,001,,
14,1,I heard the thunder,Sklar_control_A,up,up,1,1.57538604736,2,2015_Oct_13_1109,84.9603182641,CFS popping time,001,,
14,1,Sara jumped the hedge,Sensible,down,down,1,1.22280693054,2,2015_Oct_13_1109,84.9603182641,CFS popping time,001,,
14,1,Adam chewed the fat,Sensible,up,up,1,4.21762490273,0,2015_Oct_13_1109,84.9603182641,CFS popping time,001,,
14,1,The carrots grated Tom,Non-sensible,down,up,0,3.12768793106,0,2015_Oct_13_1109,84.9603182641,CFS popping time,001,,
14,1,The sofa sold Carl,Non-sensible,down,up,0,1.12879896164,0,2015_Oct_13_1109,84.9603182641,CFS popping time,001,,
14,1,The message typed Eve,Non-sensible,down,down,1,1.34780597687,2,2015_Oct_13_1109,84.9603182641,CFS popping time,001,,
14,1,The bucket lent Max,Non-sensible,up,up,1,3.5512740612,0,2015_Oct_13_1109,84.9603182641,CFS popping time,001,,
14,1,I fried the shirt,Sklar_violation,up,up,1,1.25390291214,2,2015_Oct_13_1109,84.9603182641,CFS popping time,001,,
14,1,I broke the glass,Sklar_control_B,up,up,1,1.30116820335,2,2015_Oct_13_1109,84.9603182641,CFS popping time,001,,
14,1,The bowl scrubbed Liz,Non-sensible,up,up,1,3.59828495979,0,2015_Oct_13_1109,84.9603182641,CFS popping time,001,,
14,1,I heard the sound,Sklar_filler,up,up,1,1.58312892914,0,2015_Oct_13_1109,84.9603182641,CFS popping time,001,,
14,1,The lever pulled Hugh,Non-sensible,down,down,1,1.10515785217,2,2015_Oct_13_1109,84.9603182641,CFS popping time,001,,
14,1,The mirror kissed Max,Non-sensible,up,up,1,5.18538212776,0,2015_Oct_13_1109,84.9603182641,CFS popping time,001,,
14,1,I washed the floor,Sklar_control_B,down,up,0,1.24630498886,0,2015_Oct_13_1109,84.9603182641,CFS popping time,001,,
14,1,The money offered Matt,Non-sensible,up,up,1,1.08926606178,2,2015_Oct_13_1109,84.9603182641,CFS popping time,001,,
14,1,The kettle got Lily,Non-sensible,down,down,1,0.940729856491,2,2015_Oct_13_1109,84.9603182641,CFS popping time,001,,
14,1,The scarf knitted Tom,Non-sensible,up,up,1,2.75159811974,0,2015_Oct_13_1109,84.9603182641,CFS popping time,001,,
14,1,Rose built the shed,Sensible,up,up,1,0.759942054749,0,2015_Oct_13_1109,84.9603182641,CFS popping time,001,,
14,1,Josh scrubbed the pot,Sensible,up,up,1,1.22275781631,2,2015_Oct_13_1109,84.9603182641,CFS popping time,001,,
14,1,The picture painted Ryan,Non-sensible,up,up,1,1.91249585152,0,2015_Oct_13_1109,84.9603182641,CFS popping time,001,,
14,1,The box labeled Ian,Non-sensible,up,up,1,0.759950876236,0,2015_Oct_13_1109,84.9603182641,CFS popping time,001,,
14,1,I liked the scarf,Sklar_filler,down,up,0,0.713340044022,0,2015_Oct_13_1109,84.9603182641,CFS popping time,001,,
14,1,The turnip mashed Ella,Non-sensible,up,up,1,0.775897979736,0,2015_Oct_13_1109,84.9603182641,CFS popping time,001,,
14,1,The perfume sniffed Tim,Non-sensible,up,up,1,2.64170908928,0,2015_Oct_13_1109,84.9603182641,CFS popping time,001,,
14,1,The garden watered Jeff,Non-sensible,down,up,0,2.54761314392,0,2015_Oct_13_1109,84.9603182641,CFS popping time,001,,
14,1,Josh taught the rules,Sensible,down,up,0,1.01095604897,0,2015_Oct_13_1109,84.9603182641,CFS popping time,001,,
14,1,I built the rice,Sklar_violation,up,up,1,1.77144813538,0,2015_Oct_13_1109,84.9603182641,CFS popping time,001,,
14,1,Mike paid the bill,Sensible,up,up,1,2.8456120491,0,2015_Oct_13_1109,84.9603182641,CFS popping time,001,,
14,1,Ewan wrote the story,Sensible,down,up,0,3.55152893066,0,2015_Oct_13_1109,84.9603182641,CFS popping time,001,,
14,1,I met the woman,Sklar_filler,down,up,0,4.58636713028,0,2015_Oct_13_1109,84.9603182641,CFS popping time,001,,
14,1,Fred served the dessert,Sensible,up,up,1,6.05592894554,2,2015_Oct_13_1109,84.9603182641,CFS popping time,001,,
14,1,I scrubbed the thunder,Sklar_violation,down,down,1,1.50488805771,2,2015_Oct_13_1109,84.9603182641,CFS popping time,001,,
14,1,I watered the plant,Sklar_filler,up,up,1,5.48005604744,2,2015_Oct_13_1109,84.9603182641,CFS popping time,001,,
14,1,Max searched the internet,Sensible,down,down,1,1.1394970417,2,2015_Oct_13_1109,84.9603182641,CFS popping time,001,,
14,1,Max kissed the mirror,Sensible,down,up,0,5.37029099464,0,2015_Oct_13_1109,84.9603182641,CFS popping time,001,,
14,1,I smelled the pie,Sklar_control_B,up,up,1,1.97554588318,0,2015_Oct_13_1109,84.9603182641,CFS popping time,001,,
14,1,I gathered the shower,Sklar_violation,up,up,1,1.86530017853,3,2015_Oct_13_1109,84.9603182641,CFS popping time,001,,
14,1,Eve taught the lesson,Sensible,down,up,0,3.03378009796,0,2015_Oct_13_1109,84.9603182641,CFS popping time,001,,
14,1,Andy pulled the rope,Sensible,up,up,1,2.71230006218,0,2015_Oct_13_1109,84.9603182641,CFS popping time,001,,
14,1,The book read Sean,Non-sensible,down,up,0,2.64167618752,0,2015_Oct_13_1109,84.9603182641,CFS popping time,001,,
14,1,The internet searched Max,Non-sensible,down,down,1,0.987488985062,2,2015_Oct_13_1109,84.9603182641,CFS popping time,001,,
14,1,Liam mixed the nuts,Sensible,up,up,1,3.41788697243,2,2015_Oct_13_1109,84.9603182641,CFS popping time,001,,
14,1,Alex wrote the report,Sensible,up,up,1,1.57549595833,2,2015_Oct_13_1109,84.9603182641,CFS popping time,001,,
14,1,I wore the shirt,Sklar_control_A,down,up,0,1.17561602592,0,2015_Oct_13_1109,84.9603182641,CFS popping time,001,,
14,1,I looked for the paint,Sklar_control_A,down,up,0,4.291492939,0,2015_Oct_13_1109,84.9603182641,CFS popping time,001,,
14,1,Matt drank the juice,Sensible,down,up,0,1.81070184708,0,2015_Oct_13_1109,84.9603182641,CFS popping time,001,,
14,1,The church described Erin,Non-sensible,up,up,1,1.4107260704,2,2015_Oct_13_1109,84.9603182641,CFS popping time,001,,
14,1,The letter typed Phil,Non-sensible,up,up,1,1.46920514107,2,2015_Oct_13_1109,84.9603182641,CFS popping time,001,,
14,1,The papers filed Lara,Non-sensible,down,up,0,1.48143100739,0,2015_Oct_13_1109,84.9603182641,CFS popping time,001,,
14,1,I fixed up the shower,Sklar_control_A,up,up,1,5.22888088226,2,2015_Oct_13_1109,84.9603182641,CFS popping time,001,,
14,1,Fred chopped the carrots,Sensible,down,down,1,1.04205703735,2,2015_Oct_13_1109,84.9603182641,CFS popping time,001,,
14,1,Max kicked the door,Sensible,down,down,1,1.23038196564,2,2015_Oct_13_1109,84.9603182641,CFS popping time,001,,
14,1,I washed the head,Sklar_filler,up,up,1,1.25406193733,2,2015_Oct_13_1109,84.9603182641,CFS popping time,001,,
14,1,I fixed up the shed,Sklar_control_A,up,up,1,0.752446889877,0,2015_Oct_13_1109,84.9603182641,CFS popping time,001,,
14,1,I built the building,Sklar_control_B,up,up,1,0.713054895401,0,2015_Oct_13_1109,84.9603182641,CFS popping time,001,,
14,1,Fred lent the car,Sensible,down,down,1,0.893541812897,2,2015_Oct_13_1109,84.9603182641,CFS popping time,001,,
14,1,I drank the chocolate milk,Sklar_control_B,up,up,1,0.846416950226,2,2015_Oct_13_1109,84.9603182641,CFS popping time,001,,
14,1,Joe wore the jumper,Sensible,down,up,0,1.20689105988,0,2015_Oct_13_1109,84.9603182641,CFS popping time,001,,
14,1,Tom dialed the number,Sensible,down,down,1,1.39509701729,2,2015_Oct_13_1109,84.9603182641,CFS popping time,001,,
14,1,Rob measured the curtains,Sensible,down,down,1,3.05723905563,2,2015_Oct_13_1109,84.9603182641,CFS popping time,001,,
14,1,I saw the light,Sklar_filler,up,up,1,2.92402386665,2,2015_Oct_13_1109,84.9603182641,CFS popping time,001,,
14,1,Andy grated the cheese,Sensible,up,up,1,2.58693790436,2,2015_Oct_13_1109,84.9603182641,CFS popping time,001,,
14,1,Jen weighed the flour,Sensible,up,up,1,1.03441119194,2,2015_Oct_13_1109,84.9603182641,CFS popping time,001,,
14,1,The jumper wore Joe,Non-sensible,down,up,0,1.32439804077,0,2015_Oct_13_1109,84.9603182641,CFS popping time,001,,
14,1,I fixed the gloves,Sklar_filler,up,up,1,1.74041008949,2,2015_Oct_13_1109,84.9603182641,CFS popping time,001,,
14,1,I planted the plant,Sklar_control_B,down,up,0,0.928143978119,0,2015_Oct_13_1109,84.9603182641,CFS popping time,001,,
14,1,Beth wiped the table,Sensible,down,down,1,0.940376996994,2,2015_Oct_13_1109,84.9603182641,CFS popping time,001,,
14,1,Jen fixed the laptop,Sensible,down,down,1,1.04534101486,2,2015_Oct_13_1109,84.9603182641,CFS popping time,001,,
14,1,Ryan entered the room,Sensible,up,up,1,0.963699102402,0,2015_Oct_13_1109,84.9603182641,CFS popping time,001,,
14,1,Sam sucked the candy,Sensible,up,up,1,0.76362490654,0,2015_Oct_13_1109,84.9603182641,CFS popping time,001,,
14,1,Tom visited the hospital,Sensible,down,down,1,1.11285495758,2,2015_Oct_13_1109,84.9603182641,CFS popping time,001,,
14,1,Tim sniffed the perfume,Sensible,up,up,1,2.11661505699,0,2015_Oct_13_1109,84.9603182641,CFS popping time,001,,
14,1,I fried the squash,Sklar_control_B,down,up,0,0.621069908142,0,2015_Oct_13_1109,84.9603182641,CFS popping time,001,,
14,1,Eve typed the message,Sensible,up,up,1,0.728625059128,0,2015_Oct_13_1109,84.9603182641,CFS popping time,001,,
14,1,I imagined the border,Sklar_filler,down,up,0,0.622241020203,0,2015_Oct_13_1109,84.9603182641,CFS popping time,001,,
14,1,I made the coffee,Sklar_control_A,up,up,1,0.736316919327,0,2015_Oct_13_1109,84.9603182641,CFS popping time,001,,
14,1,Liz weighed the sugar,Sensible,down,up,0,0.775799036026,0,2015_Oct_13_1109,84.9603182641,CFS popping time,001,,
14,1,The cake iced Mary,Non-sensible,up,up,1,1.17562794685,2,2015_Oct_13_1109,84.9603182641,CFS popping time,001,,
14,1,Erin crushed the garlic,Sensible,up,up,1,1.48124909401,2,2015_Oct_13_1109,84.9603182641,CFS popping time,001,,
14,1,Tom knitted the scarf,Sensible,up,up,1,1.01089787483,0,2015_Oct_13_1109,84.9603182641,CFS popping time,001,,
14,1,Erin posted the card,Sensible,up,up,1,1.59888315201,0,2015_Oct_13_1109,84.9603182641,CFS popping time,001,,
14,1,Luke read the poster,Sensible,up,up,1,0.951521873474,0,2015_Oct_13_1109,84.9603182641,CFS popping time,001,,
14,1,I dug the well,Sklar_control_B,down,down,1,1.18337202072,2,2015_Oct_13_1109,84.9603182641,CFS popping time,001,,
14,1,I cut the sand,Sklar_violation,down,down,1,1.04571199417,2,2015_Oct_13_1109,84.9603182641,CFS popping time,001,,
14,1,The pill swallowed Luke,Non-sensible,up,up,1,1.43453812599,0,2015_Oct_13_1109,84.9603182641,CFS popping time,001,,
14,1,Ryan carried the gun,Sensible,down,down,1,1.57543492317,2,2015_Oct_13_1109,84.9603182641,CFS popping time,001,,
14,1,I laundered the refrigerator,Sklar_violation,up,up,1,1.06901597977,2,2015_Oct_13_1109,84.9603182641,CFS popping time,001,,
14,1,Beth took the photo,Sensible,up,up,1,1.15200614929,0,2015_Oct_13_1109,84.9603182641,CFS popping time,001,,
14,1,The juice drank Matt,Non-sensible,down,down,1,0.893569946289,2,2015_Oct_13_1109,84.9603182641,CFS popping time,001,,
14,1,The gum swallowed Owen,Non-sensible,down,down,1,1.18348097801,2,2015_Oct_13_1109,84.9603182641,CFS popping time,001,,
14,1,Luke swallowed the pill,Sensible,up,up,1,1.1285879612,0,2015_Oct_13_1109,84.9603182641,CFS popping time,001,,
14,1,I woke up the steam,Sklar_violation,up,up,1,0.775846004486,0,2015_Oct_13_1109,84.9603182641,CFS popping time,001,,
14,1,The report wrote Alex,Non-sensible,down,up,0,0.563925027847,0,2015_Oct_13_1109,84.9603182641,CFS popping time,001,,
14,1,I interviewed the vinegar,Sklar_violation,down,up,0,0.514089107513,0,2015_Oct_13_1109,84.9603182641,CFS popping time,001,,
14,1,The bushes trimmed Jon,Non-sensible,up,up,1,0.670083999634,0,2015_Oct_13_1109,84.9603182641,CFS popping time,001,,
14,1,I sweetened the chocolate milk ,Sklar_filler,up,up,1,1.06596112251,2,2015_Oct_13_1109,84.9603182641,CFS popping time,001,,
14,1,The steak ate Mike,Non-sensible,down,down,1,1.34809303284,2,2015_Oct_13_1109,84.9603182641,CFS popping time,001,,
14,1,I broke the border,Sklar_control_B,down,up,0,1.36356401443,0,2015_Oct_13_1109,84.9603182641,CFS popping time,001,,
14,1,I gathered the dice,Sklar_control_B,up,up,1,0.617991924286,2,2015_Oct_13_1109,84.9603182641,CFS popping time,001,,
14,1,The problem solved Phil,Non-sensible,up,up,1,0.971593856812,2,2015_Oct_13_1109,84.9603182641,CFS popping time,001,,
14,1,I baked the pie,Sklar_filler,down,up,0,0.652365207672,0,2015_Oct_13_1109,84.9603182641,CFS popping time,001,,
14,1,The card posted Erin,Non-sensible,up,up,1,1.50508713722,2,2015_Oct_13_1109,84.9603182641,CFS popping time,001,,
14,1,The dress wore Kate,Non-sensible,down,down,1,1.12852478027,2,2015_Oct_13_1109,84.9603182641,CFS popping time,001,,
14,1,I turned off the computer,Sklar_control_B,up,up,1,0.971670866013,0,2015_Oct_13_1109,84.9603182641,CFS popping time,001,,
14,1,Ryan knitted the socks,Sensible,down,down,1,1.51273083687,2,2015_Oct_13_1109,84.9603182641,CFS popping time,001,,
14,1,I shampooed the hair,Sklar_control_B,down,up,0,2.50060892105,0,2015_Oct_13_1109,84.9603182641,CFS popping time,001,,
14,1,Amy lifted the crate,Sensible,down,down,1,1.5755469799,2,2015_Oct_13_1109,84.9603182641,CFS popping time,001,,
14,1,Jake dusted the shelf,Sensible,down,up,0,0.833709955215,0,2015_Oct_13_1109,84.9603182641,CFS popping time,001,,
14,1,I lifted the squash,Sklar_filler,down,down,1,1.97525906563,2,2015_Oct_13_1109,84.9603182641,CFS popping time,001,,
14,1,I played the melody,Sklar_control_A,down,up,0,0.670255184174,0,2015_Oct_13_1109,84.9603182641,CFS popping time,001,,
14,1,I closed the cabinet,Sklar_filler,down,down,1,1.2930970192,2,2015_Oct_13_1109,84.9603182641,CFS popping time,001,,
14,1,The lolly sucked Leah,Non-sensible,down,None,0,None,0,2015_Oct_13_1109,84.9603182641,CFS popping time,001,,
14,1,The dish served Kate,Non-sensible,down,None,0,None,0,2015_Oct_13_1109,84.9603182641,CFS popping time,001,,
14,1,The ball squeezed Josh,Non-sensible,down,up,0,2.24500799179,0,2015_Oct_13_1109,84.9603182641,CFS popping time,001,,
14,1,Fred stored the rice,Sensible,down,up,0,1.2304880619,0,2015_Oct_13_1109,84.9603182641,CFS popping time,001,,
14,1,The room searched Jen,Non-sensible,down,up,0,0.736371040344,0,2015_Oct_13_1109,84.9603182641,CFS popping time,001,,
14,1,The car lent Fred,Non-sensible,down,None,0,None,2,2015_Oct_13_1109,84.9603182641,CFS popping time,001,,
14,1,Jack cleaned the bath,Sensible,down,down,1,3.33961796761,1,2015_Oct_13_1109,84.9603182641,CFS popping time,001,,
14,1,The cheese grated Andy,Non-sensible,up,up,1,1.34786915779,2,2015_Oct_13_1109,84.9603182641,CFS popping time,001,,
14,1,The towels passed Phil,Non-sensible,up,up,1,1.29315209389,2,2015_Oct_13_1109,84.9603182641,CFS popping time,001,,
14,1,Dan brushed the hair,Sensible,down,down,1,1.15976595879,2,2015_Oct_13_1109,84.9603182641,CFS popping time,001,,
14,1,I shaved the glue,Sklar_violation,up,up,1,1.04567289352,2,2015_Oct_13_1109,84.9603182641,CFS popping time,001,,
14,1,The ice crushed Josh,Non-sensible,up,up,1,2.856757164,2,2015_Oct_13_1109,84.9603182641,CFS popping time,001,,
14,1,I tasted the vinegar,Sklar_control_A,down,up,0,3.24555516243,0,2015_Oct_13_1109,84.9603182641,CFS popping time,001,,
14,1,The dessert served Fred,Non-sensible,up,up,1,1.2572991848,2,2015_Oct_13_1109,84.9603182641,CFS popping time,001,,
14,1,The kettle carried John,Non-sensible,up,up,1,1.99911999702,2,2015_Oct_13_1109,84.9603182641,CFS popping time,001,,
14,1,Leah sucked the lolly,Sensible,up,up,1,2.68104791641,2,2015_Oct_13_1109,84.9603182641,CFS popping time,001,,
14,1,I folded the vest,Sklar_control_B,down,down,1,1.1991519928,2,2015_Oct_13_1109,84.9603182641,CFS popping time,001,,
14,1,I found the key,Sklar_control_A,up,up,1,5.33886694908,2,2015_Oct_13_1109,84.9603182641,CFS popping time,001,,
14,1,Ella watched the movie,Sensible,up,up,1,1.08941507339,2,2015_Oct_13_1109,84.9603182641,CFS popping time,001,,
14,1,I looked for the way,Sklar_control_A,up,up,1,1.34023809433,2,2015_Oct_13_1109,84.9603182641,CFS popping time,001,,
14,1,Adam watched the opera,Sensible,up,up,1,0.995033979416,2,2015_Oct_13_1109,84.9603182641,CFS popping time,001,,
14,1,Carl brushed the teeth,Sensible,down,down,1,1.10526180267,2,2015_Oct_13_1109,84.9603182641,CFS popping time,001,,
14,1,The gun carried Ryan,Non-sensible,up,up,1,4.70402002335,2,2015_Oct_13_1109,84.9603182641,CFS popping time,001,,
14,1,I folded the diamond,Sklar_violation,up,up,1,1.9360499382,2,2015_Oct_13_1109,84.9603182641,CFS popping time,001,,
14,1,The carrots chopped Fred,Non-sensible,up,up,1,2.25760793686,2,2015_Oct_13_1109,84.9603182641,CFS popping time,001,,
14,1,The hill climbed Luke,Non-sensible,up,up,1,2.19819283485,2,2015_Oct_13_1109,84.9603182641,CFS popping time,001,,
14,1,Tom grated the carrots,Sensible,down,down,1,1.60663700104,2,2015_Oct_13_1109,84.9603182641,CFS popping time,001,,
14,1,The button pushed Ian,Non-sensible,up,up,1,3.85711693764,0,2015_Oct_13_1109,84.9603182641,CFS popping time,001,,
14,1,I ironed the coffee,Sklar_violation,up,up,1,1.98302102089,2,2015_Oct_13_1109,84.9603182641,CFS popping time,001,,
14,1,The bath cleaned Jack,Non-sensible,up,up,1,1.48157596588,2,2015_Oct_13_1109,84.9603182641,CFS popping time,001,,
14,1,The radio fixed Luke,Non-sensible,up,up,1,1.19915008545,2,2015_Oct_13_1109,84.9603182641,CFS popping time,001,,
14,1,The toffee chewed Ben,Non-sensible,up,up,1,1.51243710518,2,2015_Oct_13_1109,84.9603182641,CFS popping time,001,,
14,1,The lemon squeezed Jay,Non-sensible,down,up,0,3.77395296097,0,2015_Oct_13_1109,84.9603182641,CFS popping time,001,,
14,1,Tim pulled the handle,Sensible,down,up,0,3.26926779747,0,2015_Oct_13_1109,84.9603182641,CFS popping time,001,,
14,1,John described the pen,Sensible,up,up,1,1.3874270916,2,2015_Oct_13_1109,84.9603182641,CFS popping time,001,,
14,1,Carl sold the sofa,Sensible,down,down,1,1.53949379921,2,2015_Oct_13_1109,84.9603182641,CFS popping time,001,,
14,1,Phil solved the problem,Sensible,down,down,1,1.00690102577,2,2015_Oct_13_1109,84.9603182641,CFS popping time,001,,
14,1,I shampooed the key,Sklar_violation,up,up,1,1.13627696037,2,2015_Oct_13_1109,84.9603182641,CFS popping time,001,,
14,1,Kate built the house,Sensible,down,down,1,2.53984498978,1,2015_Oct_13_1109,84.9603182641,CFS popping time,001,,
14,1,The hotline dialed Hugh,Non-sensible,up,up,1,4.68810987473,3,2015_Oct_13_1109,84.9603182641,CFS popping time,001,,
14,1,The plants watered Luke,Non-sensible,up,up,1,2.55159306526,0,2015_Oct_13_1109,84.9603182641,CFS popping time,001,,
14,1,The debt paid Zoe,Non-sensible,down,up,0,0.76010799408,0,2015_Oct_13_1109,84.9603182641,CFS popping time,001,,
14,1,Lucy wiped the desk,Sensible,down,up,0,4.77463102341,0,2015_Oct_13_1109,84.9603182641,CFS popping time,001,,
14,1,The jar labeled Liz,Non-sensible,down,None,0,None,1,2015_Oct_13_1109,84.9603182641,CFS popping time,001,,
14,1,Phil chopped the herbs,Sensible,up,up,1,1.5051150322,2,2015_Oct_13_1109,84.9603182641,CFS popping time,001,,
14,1,The ticket took Tim,Non-sensible,up,None,0,None,1,2015_Oct_13_1109,84.9603182641,CFS popping time,001,,
14,1,Liam sliced the onion,Sensible,down,up,0,1.13631701469,0,2015_Oct_13_1109,84.9603182641,CFS popping time,001,,
14,1,The monitor punched Erin,Non-sensible,up,up,1,0.806855916977,0,2015_Oct_13_1109,84.9603182641,CFS popping time,001,,
14,1,Phil typed the letter,Sensible,up,up,1,3.38665604591,2,2015_Oct_13_1109,84.9603182641,CFS popping time,001,,
14,1,Matt offered the money,Sensible,up,up,1,2.21831893921,2,2015_Oct_13_1109,84.9603182641,CFS popping time,001,,
14,1,Joe solved the puzzle,Sensible,down,None,0,None,1,2015_Oct_13_1109,84.9603182641,CFS popping time,001,,
14,1,Jay squeezed the lemon,Sensible,down,down,1,2.35199403763,2,2015_Oct_13_1109,84.9603182641,CFS popping time,001,,
14,1,Ryan painted the picture,Sensible,down,up,0,3.4572520256,0,2015_Oct_13_1109,84.9603182641,CFS popping time,001,,
14,1,The parcel mailed Rob,Non-sensible,up,up,1,3.78663396835,2,2015_Oct_13_1109,84.9603182641,CFS popping time,001,,
14,1,The shirt ironed Josh,Non-sensible,down,None,0,None,0,2015_Oct_13_1109,84.9603182641,CFS popping time,001,,
14,1,Will licked the spoon,Sensible,down,down,1,5.27594017982,1,2015_Oct_13_1109,84.9603182641,CFS popping time,001,,
14,1,Ben climbed the stairs,Sensible,down,up,0,7.00919508934,0,2015_Oct_13_1109,84.9603182641,CFS popping time,001,,
14,1,The thread measured Amy,Non-sensible,down,down,1,3.95118403435,2,2015_Oct_13_1109,84.9603182641,CFS popping time,001,,
14,1,I lifted the hammer,Sklar_control_A,up,up,1,2.5237929821,2,2015_Oct_13_1109,84.9603182641,CFS popping time,001,,
14,1,I lit the rain,Sklar_violation,down,down,1,1.48135209084,2,2015_Oct_13_1109,84.9603182641,CFS popping time,001,,
14,1,I sold the diamond,Sklar_control_A,up,None,0,None,0,2015_Oct_13_1109,84.9603182641,CFS popping time,001,,
14,1,Tom offered the sweets,Sensible,up,up,1,1.43432188034,2,2015_Oct_13_1109,84.9603182641,CFS popping time,001,,
14,1,The wallet carried Leo,Non-sensible,down,down,1,2.37544393539,2,2015_Oct_13_1109,84.9603182641,CFS popping time,001,,
14,1,I turned off the door,Sklar_violation,down,down,1,1.99878406525,2,2015_Oct_13_1109,84.9603182641,CFS popping time,001,,
14,1,The gift posted Jack,Non-sensible,down,down,1,1.25377511978,2,2015_Oct_13_1109,84.9603182641,CFS popping time,001,,
14,1,Ian dented the bowl,Sensible,down,up,0,6.75049495697,0,2015_Oct_13_1109,84.9603182641,CFS popping time,001,,
14,1,Joe entered the office,Sensible,up,up,1,1.55209612846,2,2015_Oct_13_1109,84.9603182641,CFS popping time,001,,
14,1,Ian mailed the invite,Sensible,down,down,1,1.41083693504,1,2015_Oct_13_1109,84.9603182641,CFS popping time,001,,
14,1,The coins polished Jon,Non-sensible,down,down,1,1.99876999855,2,2015_Oct_13_1109,84.9603182641,CFS popping time,001,,
14,1,The room entered Ryan,Non-sensible,up,up,1,4.21744990349,1,2015_Oct_13_1109,84.9603182641,CFS popping time,001,,
14,1,I locked the ground,Sklar_violation,up,up,1,5.41713190079,2,2015_Oct_13_1109,84.9603182641,CFS popping time,001,,
14,1,I photographed the river,Sklar_control_A,up,up,1,1.84548902512,2,2015_Oct_13_1109,84.9603182641,CFS popping time,001,,
14,1,Jane licked the plate,Sensible,down,up,0,4.66454195976,0,2015_Oct_13_1109,84.9603182641,CFS popping time,001,,
14,1,I cut the string,Sklar_control_B,down,down,1,2.24177598953,2,2015_Oct_13_1109,84.9603182641,CFS popping time,001,,
14,1,Dan whisked the eggs,Sensible,up,up,1,1.84198307991,2,2015_Oct_13_1109,84.9603182641,CFS popping time,001,,
14,1,I painted the building,Sklar_filler,down,down,1,3.55129599571,1,2015_Oct_13_1109,84.9603182641,CFS popping time,001,,
14,1,I swallowed the shed,Sklar_violation,up,up,1,1.26983690262,2,2015_Oct_13_1109,84.9603182641,CFS popping time,001,,
14,1,Jon jumped the fence,Sensible,up,up,1,3.13545918465,0,2015_Oct_13_1109,84.9603182641,CFS popping time,001,,
14,1,I changed the computer,Sklar_filler,up,up,1,0.904284954071,1,2015_Oct_13_1109,84.9603182641,CFS popping time,001,,
14,1,I cut the bread,Sklar_control_B,up,up,1,1.60667586327,1,2015_Oct_13_1109,84.9603182641,CFS popping time,001,,
14,1,The rose kissed Hugh,Non-sensible,up,up,1,1.29339599609,2,2015_Oct_13_1109,84.9603182641,CFS popping time,001,,
14,1,The floor cleaned Tim,Non-sensible,down,down,1,3.15906691551,0,2015_Oct_13_1109,84.9603182641,CFS popping time,001,,
14,1,I bought the clothes,Sklar_filler,up,up,1,2.70461511612,2,2015_Oct_13_1109,84.9603182641,CFS popping time,001,,
14,1,I wore the gloves,Sklar_control_B,down,up,0,4.63352608681,0,2015_Oct_13_1109,84.9603182641,CFS popping time,001,,
14,1,Tim took the ticket,Sensible,up,up,1,1.15959119797,2,2015_Oct_13_1109,84.9603182641,CFS popping time,001,,
14,1,Tim ate the ham,Sensible,up,up,1,1.34798717499,0,2015_Oct_13_1109,84.9603182641,CFS popping time,001,,
14,1,Ian filed the report,Sensible,down,up,0,3.26893091202,0,2015_Oct_13_1109,84.9603182641,CFS popping time,001,,
14,1,The poster read Luke,Non-sensible,up,up,1,0.634864091873,0,2015_Oct_13_1109,84.9603182641,CFS popping time,001,,
14,1,The house dusted Alex,Non-sensible,down,up,0,0.406630992889,0,2015_Oct_13_1109,84.9603182641,CFS popping time,001,,
14,1,I found the chasm,Sklar_control_A,down,up,0,0.480255842209,0,2015_Oct_13_1109,84.9603182641,CFS popping time,001,,
14,1,The ham ate Tim,Non-sensible,down,up,0,2.21068716049,0,2015_Oct_13_1109,84.9603182641,CFS popping time,001,,
14,1,I crumpled the paper,Sklar_control_B,up,up,1,1.51258707047,0,2015_Oct_13_1109,84.9603182641,CFS popping time,001,,
14,1,I sweetened the juice,Sklar_filler,down,down,1,1.16304087639,1,2015_Oct_13_1109,84.9603182641,CFS popping time,001,,
14,1,The plans cancelled Ian,Non-sensible,up,up,1,1.76384091377,2,2015_Oct_13_1109,84.9603182641,CFS popping time,001,,
14,1,I fixed the stairs,Sklar_control_A,down,up,0,1.31688904762,0,2015_Oct_13_1109,84.9603182641,CFS popping time,001,,
14,1,The pot scrubbed Josh,Non-sensible,up,up,1,1.29322886467,2,2015_Oct_13_1109,84.9603182641,CFS popping time,001,,
14,1,Beth washed the pan,Sensible,up,up,1,2.44581890106,0,2015_Oct_13_1109,84.9603182641,CFS popping time,001,,
14,1,I smelled the smoke,Sklar_control_A,up,up,1,2.10400700569,0,2015_Oct_13_1109,84.9603182641,CFS popping time,001,,
14,1,The donut iced Joe,Non-sensible,down,down,1,1.15962696075,2,2015_Oct_13_1109,84.9603182641,CFS popping time,001,,
14,1,Lara filed the papers,Sensible,down,down,1,1.17568588257,2,2015_Oct_13_1109,84.9603182641,CFS popping time,001,,
14,1,The shed built Rose,Non-sensible,down,up,0,2.6452691555,0,2015_Oct_13_1109,84.9603182641,CFS popping time,001,,
14,1,The hair brushed Dan,Non-sensible,up,up,1,1.55218315125,0,2015_Oct_13_1109,84.9603182641,CFS popping time,001,,
14,1,Leo carried the wallet,Sensible,down,down,1,1.16388392448,2,2015_Oct_13_1109,84.9603182641,CFS popping time,001,,
14,1,Sean read the book,Sensible,down,down,1,0.995073080063,2,2015_Oct_13_1109,84.9603182641,CFS popping time,001,,
14,1,The flour weighed Jen,Non-sensible,down,down,1,1.17582678795,2,2015_Oct_13_1109,84.9603182641,CFS popping time,001,,
14,1,I met the child,Sklar_filler,down,down,1,1.11283397675,2,2015_Oct_13_1109,84.9603182641,CFS popping time,001,,
14,1,Matt pushed the trolley,Sensible,down,down,1,0.948255062103,2,2015_Oct_13_1109,84.9603182641,CFS popping time,001,,
14,1,Amy hugged the tree,Sensible,up,up,1,1.84526515007,2,2015_Oct_13_1109,84.9603182641,CFS popping time,001,,
14,1,The bike kicked Matt,Non-sensible,up,up,1,1.37143111229,2,2015_Oct_13_1109,84.9603182641,CFS popping time,001,,
14,1,The wall punched Jane,Non-sensible,up,up,1,0.822746038437,0,2015_Oct_13_1109,84.9603182641,CFS popping time,001,,
14,1,The lorry dented Lily,Non-sensible,down,up,0,0.657161951065,0,2015_Oct_13_1109,84.9603182641,CFS popping time,001,,
14,1,The laptop fixed Jen,Non-sensible,down,down,1,0.948067903519,2,2015_Oct_13_1109,84.9603182641,CFS popping time,001,,
14,1,The table wiped Beth,Non-sensible,up,up,1,1.1126730442,2,2015_Oct_13_1109,84.9603182641,CFS popping time,001,,
14,1,I threw the bread,Sklar_filler,down,down,1,1.01110196114,2,2015_Oct_13_1109,84.9603182641,CFS popping time,001,,
14,1,Joe iced the donut,Sensible,down,down,1,1.12854194641,2,2015_Oct_13_1109,84.9603182641,CFS popping time,001,,
14,1,The onion sliced Liam,Non-sensible,down,down,1,1.45782899857,2,2015_Oct_13_1109,84.9603182641,CFS popping time,001,,
14,1,I moved the chair,Sklar_control_A,down,up,0,2.64179897308,0,2015_Oct_13_1109,84.9603182641,CFS popping time,001,,
14,1,The candy sucked Sam,Non-sensible,down,down,1,5.55835008621,2,2015_Oct_13_1109,84.9603182641,CFS popping time,001,,
14,1,Jon cut the paper,Sensible,up,up,1,4.03254413605,0,2015_Oct_13_1109,84.9603182641,CFS popping time,001,,
14,1,Liz sliced the tomato,Sensible,down,down,1,3.27673602104,2,2015_Oct_13_1109,84.9603182641,CFS popping time,001,,
14,1,The dishes washed Mark,Non-sensible,down,down,1,2.85318493843,2,2015_Oct_13_1109,84.9603182641,CFS popping time,001,,
14,1,I heated the water,Sklar_control_A,up,down,0,0.927912950516,0,2015_Oct_13_1109,84.9603182641,CFS popping time,001,,
